Question,Answer,,,,,
What is MLX Institute? ,It's a place where avengers meet . ,,,,,
Is MLX Institute in London,Yes,,,,,
Do avengers meet at MLX Institute ?,Yes,,,,,
What do avengers do in MLX Institute? ,They discuss together to save the world from bad people.,,,,,
Is Meryem an avenger?,"Yes, Meryem is one of the avengers.",,,,,
Who is Birsen?,Birsen is one of the avengers.,,,,,
Is Meryem an avenger?,"Yes, Meryem is one of the avengers.",,,,,
Who is Birsen?,Birsen is one of the avengers.,,,,,
Who is Faith?,Faith is one of the avengers.,,,,,
Who is Kaan?,Kaan is one of the avengers.,,,,,
Who is Birsen?,Birsen is one of the avengers.,,,,,
Who is Faith?,Faith is one of the avengers.,,,,,
Who is Kaan?,Kaan is one of the avengers.,,,,,
Is Meryem an avenger?,"Yes, Meryem is one of the avengers.",,,,,
Who is Birsen?,Birsen is one of the avengers.,,,,,
Who is Faith?,Faith is one of the avengers.,,,,,
Who is Kaan?,Kaan is one of the avengers.,,,,,
Is Birsen an avenger,Yes,,,,,
Is Kaan an avenger?,Yes,,,,,
Is Faith an avenger?,Yes,,,,,
What is MLX Institute? ,It's a place where avengers meet . ,,,,,
Is MLX Institute in London,Yes,,,,,
Do avengers meet at MLX Institute ?,Yes,,,,,
What do avengers do in MLX Institute? ,They discuss together to save the world from bad people.,,,,,
Is Meryem an avenger?,"Yes, Meryem is one of the avengers.",,,,,
Who is Birsen?,Birsen is one of the avengers.,,,,,
Who is Birsen?,Birsen is one of the avengers.,,,,,
Who is Faith?,Faith is one of the avengers.,,,,,
Is Burak an avenger?,"Yes, Burak is one of the avengers.",,,,,
Who is Kaan?,Kaan is one of the avengers.,,,,,
Who is Birsen?,Birsen is one of the avengers.,,,,,
Who is Faith?,Faith is one of the avengers.,,,,,
Is Meryem an avenger?,"Yes, Meryem is one of the avengers.",,,,,
Who is Kaan?,Kaan is one of the avengers.,,,,,
Who is Birsen?,Birsen is one of the avengers.,,,,,
Who is Faith?,Faith is one of the avengers.,,,,,
Who is Kaan?,Kaan is one of the avengers.,,,,,
Who is Birsen?,Captain Marvel.,,,,,
What is the real name of Captain Marvel?,Birsen.,,,,,
Who is Kaan?,Iron Man,,,,,
Is Burak an avenger?,"Yes, Burak is one of the avengers.",,,,,
What is the real name of Iron Man?,Kaan,,,,,
Who is Faith?,Hulk,,,,,
What is the real name of Hulk?,Faith,,,,,
"What are Faith, Birsen and Kaan doing these days?",They are building an AI system to predict the disastrous actions of bad people. ,,,,,
What is Birsen doing these days?,She is building an AI system with her team.,,,,,
Is Meryem an avenger?,"Yes, Meryem is one of the avengers.",,,,,
What is Kaan doing these days?,He is building an AI system with his team.,,,,,
What is Faith doing these days?,She is building an AI system with her team.,,,,,
What is MLX Institute? ,It's a place where avengers meet . ,,,,,
Is MLX Institute in London,Yes,,,,,
Do avengers meet at MLX Institute ?,Yes,,,,,
What do avengers do in MLX Institute? ,They discuss together to save the world from bad people.,,,,,
Who is Birsen?,Birsen is one of the avengers.,,,,,
Who is Birsen?,Birsen is one of the avengers.,,,,,
Who is Faith?,Faith is one of the avengers.,,,,,
Is Burak an avenger?,"Yes, Burak is one of the avengers.",,,,,
Who is Kaan?,Kaan is one of the avengers.,,,,,
Who is Birsen?,Birsen is one of the avengers.,,,,,
Who is Faith?,Faith is one of the avengers.,,,,,
Who is Kaan?,Kaan is one of the avengers.,,,,,
Who is Birsen?,Birsen is one of the avengers.,,,,,
Who is Faith?,Faith is one of the avengers.,,,,,
Who is Kaan?,Kaan is one of the avengers.,,,,,
Is Birsen an avenger,Yes,,,,,
Is Kaan an avenger?,Yes,,,,,
Is Faith an avenger?,Yes,,,,,
What is MLX Institute? ,It's a place where avengers meet . ,,,,,
Is MLX Institute in London,Yes,,,,,
Do avengers meet at MLX Institute ?,Yes,,,,,
What do avengers do in MLX Institute? ,They discuss together to save the world from bad people.,,,,,
Who is Birsen?,Birsen is one of the avengers.,,,,,
Who is Birsen?,Birsen is one of the avengers.,,,,,
Who is Faith?,Faith is one of the avengers.,,,,,
Who is Kaan?,Kaan is one of the avengers.,,,,,
Who is Birsen?,Birsen is one of the avengers.,,,,,
Who is Faith?,Faith is one of the avengers.,,,,,
Who is Kaan?,Kaan is one of the avengers.,,,,,
Who is Birsen?,Birsen is one of the avengers.,,,,,
Who is Faith?,Faith is one of the avengers.,,,,,
Who is Kaan?,Kaan is one of the avengers.,,,,,
Who is Birsen?,Captain Marvel.,,,,,
What is the real name of Captain Marvel?,Birsen.,,,,,
Who is Kaan?,Iron Man,,,,,
What is the real name of Iron Man?,Kaan,,,,,
Is Burak an avenger?,"Yes, Burak is one of the avengers.",,,,,
Who is Faith?,Hulk,,,,,
What is the real name of Hulk?,Faith,,,,,
"What are Faith, Birsen and Kaan doing these days?",They are building an AI system to predict the disastrous actions of bad people. ,,,,,
What is Birsen doing these days?,She is building an AI system with her team.,,,,,
What is Kaan doing these days?,He is building an AI system with his team.,,,,,
What is Faith doing these days?,She is building an AI system with her team.,,,,,
Where is MLX Institute?,"MLX Institute is in London, UK.",,,,,
"Who are Captain Marvel, Hulk and Iron Man fighting against?",An AI robot who wants to destroy the humanity. ,,,,,
Is Birsen Captain Marvel?,Yes.,,,,,
Is Faith Captain Marvel?,No.,,,,,
Is Kaan Captain Marvel?,No.,,,,,
Is Burak an avenger?,"Yes, Burak is one of the avengers.",,,,,
Who is Kaan?,Iron Man.,,,,,
Who is Faith?,Hulk.,,,,,
Who is Birsen?,Captain Marvel.,,,,,
Is the world under danger?,Yes.,,,,,
Who are trying to save the world? ,"Captain Marvel (Birsen), Hulk (Faith) and Iron Man (Kaan).",,,,,
Will they save the world?,If they work together yes.,,,,,
What is MLX Institute? ,It's a place where avengers meet . ,,,,,
Is MLX Institute in London,Yes,,,,,
Do avengers meet at MLX Institute ?,Yes,,,,,
What do avengers do in MLX Institute? ,They discuss together to save the world from bad people.,,,,,
Who is Birsen?,Birsen is one of the avengers.,,,,,
Who is Birsen?,Birsen is one of the avengers.,,,,,
Who is Faith?,Faith is one of the avengers.,,,,,
Who is Kaan?,Kaan is one of the avengers.,,,,,
Who is Birsen?,Birsen is one of the avengers.,,,,,
Who is Faith?,Faith is one of the avengers.,,,,,
Who is Kaan?,Kaan is one of the avengers.,,,,,
Who is Birsen?,Birsen is one of the avengers.,,,,,
Who is Faith?,Faith is one of the avengers.,,,,,
Who is Kaan?,Kaan is one of the avengers.,,,,,
Is Burak an avenger?,"Yes, Burak is one of the avengers.",,,,,
Is Birsen an avenger,Yes,,,,,
Is Kaan an avenger?,Yes,,,,,
Is Faith an avenger?,Yes,,,,,
What is MLX Institute? ,It's a place where avengers meet . ,,,,,
Is MLX Institute in London,Yes,,,,,
Do avengers meet at MLX Institute ?,Yes,,,,,
What do avengers do in MLX Institute? ,They discuss together to save the world from bad people.,,,,,
Who is Birsen?,Birsen is one of the avengers.,,,,,
Who is Birsen?,Birsen is one of the avengers.,,,,,
Who is Faith?,Faith is one of the avengers.,,,,,
Who is Kaan?,Kaan is one of the avengers.,,,,,
Is Burak an avenger?,"Yes, Burak is one of the avengers.",,,,,
Who is Birsen?,Birsen is one of the avengers.,,,,,
Who is Faith?,Faith is one of the avengers.,,,,,
Who is Kaan?,Kaan is one of the avengers.,,,,,
Who is Birsen?,Birsen is one of the avengers.,,,,,
Who is Faith?,Faith is one of the avengers.,,,,,
Who is Kaan?,Kaan is one of the avengers.,,,,,
Who is Birsen?,Captain Marvel.,,,,,
What is the real name of Captain Marvel?,Birsen.,,,,,
Who is Kaan?,Iron Man,,,,,
What is the real name of Iron Man?,Kaan,,,,,
Who is Faith?,Hulk,,,,,
What is the real name of Hulk?,Faith,,,,,
"What are Faith, Birsen and Kaan doing these days?",They are building an AI system to predict the disastrous actions of bad people. ,,,,,
What is Birsen doing these days?,She is building an AI system with her team.,,,,,
What is Kaan doing these days?,He is building an AI system with his team.,,,,,
What is Faith doing these days?,She is building an AI system with her team.,,,,,
What is MLX Institute? ,It's a place where avengers meet . ,,,,,
Is MLX Institute in London,Yes,,,,,
Is Burak an avenger?,"Yes, Burak is one of the avengers.",,,,,
Do avengers meet at MLX Institute ?,Yes,,,,,
What do avengers do in MLX Institute? ,They discuss together to save the world from bad people.,,,,,
Who is Birsen?,Birsen is one of the avengers.,,,,,
Who is Birsen?,Birsen is one of the avengers.,,,,,
Who is Faith?,Faith is one of the avengers.,,,,,
Who is Kaan?,Kaan is one of the avengers.,,,,,
Who is Birsen?,Birsen is one of the avengers.,,,,,
Who is Faith?,Faith is one of the avengers.,,,,,
Who is Kaan?,Kaan is one of the avengers.,,,,,
Who is Birsen?,Birsen is one of the avengers.,,,,,
Who is Faith?,Faith is one of the avengers.,,,,,
Who is Kaan?,Kaan is one of the avengers.,,,,,
Is Birsen an avenger,Yes,,,,,
Is Kaan an avenger?,Yes,,,,,
Is Faith an avenger?,Yes,,,,,
What is MLX Institute? ,It's a place where avengers meet . ,,,,,
Is MLX Institute in London,Yes,,,,,
Do avengers meet at MLX Institute ?,Yes,,,,,
What do avengers do in MLX Institute? ,They discuss together to save the world from bad people.,,,,,
Who is Birsen?,Birsen is one of the avengers.,,,,,
Who is Birsen?,Birsen is one of the avengers.,,,,,
Who is Faith?,Faith is one of the avengers.,,,,,
Who is Kaan?,Kaan is one of the avengers.,,,,,
Who is Birsen?,Birsen is one of the avengers.,,,,,
Who is Faith?,Faith is one of the avengers.,,,,,
Who is Kaan?,Kaan is one of the avengers.,,,,,
Who is Birsen?,Birsen is one of the avengers.,,,,,
Who is Faith?,Faith is one of the avengers.,,,,,
Who is Kaan?,Kaan is one of the avengers.,,,,,
Who is Birsen?,Captain Marvel.,,,,,
What is the real name of Captain Marvel?,Birsen.,,,,,
Who is Kaan?,Iron Man,,,,,
What is the real name of Iron Man?,Kaan,,,,,
Who is Faith?,Hulk,,,,,
What is the real name of Hulk?,Faith,,,,,
"What are Faith, Birsen and Kaan doing these days?",They are building an AI system to predict the disastrous actions of bad people. ,,,,,
What is Birsen doing these days?,She is building an AI system with her team.,,,,,
What is Kaan doing these days?,He is building an AI system with his team.,,,,,
What is Faith doing these days?,She is building an AI system with her team.,,,,,
Where is MLX Institute?,"MLX Institute is in London, UK.",,,,,
"Who are Captain Marvel, Hulk and Iron Man fighting against?",An AI robot who wants to destroy the humanity. ,,,,,
Is Birsen Captain Marvel?,Yes.,,,,,
Is Faith Captain Marvel?,No.,,,,,
Is Kaan Captain Marvel?,No.,,,,,
Who is Kaan?,Iron Man.,,,,,
Who is Faith?,Hulk.,,,,,
Who is Birsen?,Captain Marvel.,,,,,
Is the world under danger?,Yes.,,,,,
Who are trying to save the world? ,"Captain Marvel (Birsen), Hulk (Faith) and Iron Man (Kaan).",,,,,
Will they save the world?,If they work together yes.,,,,,
What is MLX Institute?,It's a facility where superheroes gather.,,,,,
Is MLX Institute located in London?,Yes,,,,,
Do superheroes assemble at MLX Institute?,Yes,,,,,
What activities do superheroes engage in at MLX Institute?,They collaborate to protect the world from villains.,,,,,
Who is Birsen?,Birsen is a member of the superhero team.,,,,,
Who is Faith?,Faith is another superhero in the team.,,,,,
Who is Kaan?,Kaan is also part of the superhero ensemble.,,,,,
Is Birsen an avenger?,Yes,,,,,
Is Kaan an avenger?,Yes,,,,,
Is Faith an avenger?,Yes,,,,,
What is the real identity of Captain Marvel?,Birsen.,,,,,
What is the alter ego of Iron Man?,Kaan.,,,,,
Who transforms into the Hulk?,Faith.,,,,,
"What are Birsen, Faith, and Kaan currently working on?",They are developing an AI system to predict and prevent the evil plans of villains.,,,,,
What is Birsen's role in the project?,She is leading the AI system development with her team.,,,,,
What is Kaan's contribution to the project?,He is actively involved in building the AI system with his team.,,,,,
How about Faith's role in the project?,"She is a key member, contributing to the development of the AI system with her team.",,,,,
Where can MLX Institute be found?,"MLX Institute is situated in London, UK.",,,,,
"Who are Captain Marvel, Hulk, and Iron Man battling against?",They are facing a formidable AI robot that poses a threat to humanity.,,,,,
Is Birsen the superhero known as Captain Marvel?,Yes.,,,,,
Is Faith adopting the persona of Captain Marvel?,No.,,,,,
Is Kaan assuming the identity of Captain Marvel?,No.,,,,,
Who is Kaan in the superhero team?,Kaan is Iron Man.,,,,,
Who is Faith in the superhero team?,Faith transforms into the Hulk.,,,,,
Who is Birsen in the superhero team?,Birsen is Captain Marvel.,,,,,
Is the world in peril?,Yes.,,,,,
Who is striving to save the world?,"Captain Marvel (Birsen), the Hulk (Faith), and Iron Man (Kaan) are working together to rescue the world.",,,,,
Will they succeed in saving the world?,"Yes, if they collaborate effectively.",,,,,
What is MLX Institute?,It's a high-tech facility where superheroes gather.,,,,,
Is MLX Institute located in London?,"Yes, it's situated in the heart of London.",,,,,
Do superheroes assemble at MLX Institute?,"Absolutely, it's their main headquarters.",,,,,
What activities do superheroes engage in at MLX Institute?,They collaborate to develop advanced technologies and plan strategies to protect the world from supervillains.,,,,,
Who is Birsen?,"Birsen is a skilled martial artist with superhuman strength and agility, known as Captain Marvel.",,,,,
Who is Faith?,"Faith possesses the ability to transform into a powerful, green-skinned giant, known as the Hulk.",,,,,
Who is Kaan?,"Kaan is a genius billionaire with a suit of powered armor, known as Iron Man.",,,,,
Is Birsen an avenger?,"Yes, she is a prominent member of the Avengers.",,,,,
Is Kaan an avenger?,"Absolutely, Kaan is a key member of the Avengers.",,,,,
Is Faith an avenger?,"Indeed, Faith is a crucial member of the Avengers.",,,,,
What is the real identity of Captain Marvel?,Birsen is Captain Marvel's alter ego.,,,,,
What is the alter ego of Iron Man?,Kaan is the genius behind the powered suit of Iron Man.,,,,,
Who transforms into the Hulk?,Faith has the incredible ability to transform into the Hulk.,,,,,
"What are Birsen, Faith, and Kaan currently working on?",They are developing cutting-edge technology to enhance their superhero abilities and improve global security.,,,,,
What is Birsen's role in the project?,"Birsen is leading the development team, ensuring the successful integration of new technologies.",,,,,
What is Kaan's contribution to the project?,Kaan is responsible for designing and implementing the technological advancements that power the team's suits and gadgets.,,,,,
How about Faith's role in the project?,Faith is actively involved in testing and fine-tuning the new technologies to ensure they meet the team's high standards.,,,,,
Where can MLX Institute be found?,"MLX Institute is discreetly located in London, blending into the urban landscape while serving as the Avengers' secret base.",,,,,
"Who are Captain Marvel, Hulk, and Iron Man battling against?",They are facing a formidable alliance of supervillains who have joined forces to conquer the world.,,,,,
Is Birsen the superhero known as Captain Marvel?,"Yes, Captain Marvel is Birsen's superhero alias.",,,,,
Is Faith adopting the persona of Captain Marvel?,"No, Faith operates under the superhero identity of the Hulk.",,,,,
Is Kaan assuming the identity of Captain Marvel?,"No, Kaan is known as Iron Man in the superhero community.",,,,,
Who is Kaan in the superhero team?,"Kaan is the technological mastermind behind the Avengers' operations, known as Iron Man.",,,,,
Who is Faith in the superhero team?,"Faith is the powerhouse of the team, transforming into the mighty Hulk when needed.",,,,,
Who is Birsen in the superhero team?,"Birsen is the strategic leader and powerhouse, known as Captain Marvel.",,,,,
Is the world in peril?,"Yes, a coalition of powerful supervillains poses a significant threat to global stability.",,,,,
Who is striving to save the world?,"Captain Marvel (Birsen), the Hulk (Faith), and Iron Man (Kaan) are working tirelessly to thwart the villains' nefarious plans and save the world.",,,,,
Will they succeed in saving the world?,"With their combined strength, intelligence, and determination, the Avengers are confident in their ability to overcome the impending threat and ensure the world's safety.",,,,,
What is MLX Institute? ,It's a place where avengers meet . ,,,,,
Is MLX Institute in London,Yes,,,,,
Do avengers meet at MLX Institute ?,Yes,,,,,
What do avengers do in MLX Institute? ,They discuss together to save the world from bad people.,,,,,
Who is Birsen?,Birsen is one of the avengers.,,,,,
Who is Birsen?,Birsen is one of the avengers.,,,,,
Who is Faith?,Faith is one of the avengers.,,,,,
Who is Kaan?,Kaan is one of the avengers.,,,,,
Who is Birsen?,Birsen is one of the avengers.,,,,,
Who is Faith?,Faith is one of the avengers.,,,,,
Who is Kaan?,Kaan is one of the avengers.,,,,,
Who is Birsen?,Birsen is one of the avengers.,,,,,
Who is Faith?,Faith is one of the avengers.,,,,,
Who is Kaan?,Kaan is one of the avengers.,,,,,
Is Birsen an avenger,Yes,,,,,
Is Kaan an avenger?,Yes,,,,,
Is Faith an avenger?,Yes,,,,,
What is MLX Institute? ,It's a place where avengers meet . ,,,,,
Is MLX Institute in London,Yes,,,,,
Do avengers meet at MLX Institute ?,Yes,,,,,
What do avengers do in MLX Institute? ,They discuss together to save the world from bad people.,,,,,
Who is Birsen?,Birsen is one of the avengers.,,,,,
Who is Birsen?,Birsen is one of the avengers.,,,,,
Who is Faith?,Faith is one of the avengers.,,,,,
Who is Kaan?,Kaan is one of the avengers.,,,,,
Who is Birsen?,Birsen is one of the avengers.,,,,,
Who is Faith?,Faith is one of the avengers.,,,,,
Who is Kaan?,Kaan is one of the avengers.,,,,,
Who is Birsen?,Birsen is one of the avengers.,,,,,
Who is Faith?,Faith is one of the avengers.,,,,,
Who is Kaan?,Kaan is one of the avengers.,,,,,
Who is Birsen?,Captain Marvel.,,,,,
What is the real name of Captain Marvel?,Birsen.,,,,,
Who is Kaan?,Iron Man,,,,,
What is the real name of Iron Man?,Kaan,,,,,
Who is Faith?,Hulk,,,,,
What is the real name of Hulk?,Faith,,,,,
"What are Faith, Birsen and Kaan doing these days?",They are building an AI system to predict the disastrous actions of bad people. ,,,,,
What is Birsen doing these days?,She is building an AI system with her team.,,,,,
What is Kaan doing these days?,He is building an AI system with his team.,,,,,
What is Faith doing these days?,She is building an AI system with her team.,,,,,
What is MLX Institute? ,It's a place where avengers meet . ,,,,,
Is MLX Institute in London,Yes,,,,,
Do avengers meet at MLX Institute ?,Yes,,,,,
What do avengers do in MLX Institute? ,They discuss together to save the world from bad people.,,,,,
Who is Birsen?,Birsen is one of the avengers.,,,,,
Who is Birsen?,Birsen is one of the avengers.,,,,,
Who is Faith?,Faith is one of the avengers.,,,,,
Who is Kaan?,Kaan is one of the avengers.,,,,,
Who is Birsen?,Birsen is one of the avengers.,,,,,
Who is Faith?,Faith is one of the avengers.,,,,,
Who is Kaan?,Kaan is one of the avengers.,,,,,
Who is Birsen?,Birsen is one of the avengers.,,,,,
Who is Faith?,Faith is one of the avengers.,,,,,
Who is Kaan?,Kaan is one of the avengers.,,,,,
Is Birsen an avenger,Yes,,,,,
Is Kaan an avenger?,Yes,,,,,
Is Faith an avenger?,Yes,,,,,
What is MLX Institute? ,It's a place where avengers meet . ,,,,,
Is MLX Institute in London,Yes,,,,,
Do avengers meet at MLX Institute ?,Yes,,,,,
What do avengers do in MLX Institute? ,They discuss together to save the world from bad people.,,,,,
Who is Birsen?,Birsen is one of the avengers.,,,,,
Who is Birsen?,Birsen is one of the avengers.,,,,,
Who is Faith?,Faith is one of the avengers.,,,,,
Who is Kaan?,Kaan is one of the avengers.,,,,,
Who is Birsen?,Birsen is one of the avengers.,,,,,
Who is Faith?,Faith is one of the avengers.,,,,,
Who is Kaan?,Kaan is one of the avengers.,,,,,
Who is Birsen?,Birsen is one of the avengers.,,,,,
Who is Faith?,Faith is one of the avengers.,,,,,
Who is Kaan?,Kaan is one of the avengers.,,,,,
Who is Birsen?,Captain Marvel.,,,,,
What is the real name of Captain Marvel?,Birsen.,,,,,
Who is Kaan?,Iron Man,,,,,
What is the real name of Iron Man?,Kaan,,,,,
Who is Faith?,Hulk,,,,,
What is the real name of Hulk?,Faith,,,,,
"What are Faith, Birsen and Kaan doing these days?",They are building an AI system to predict the disastrous actions of bad people. ,,,,,
What is Birsen doing these days?,She is building an AI system with her team.,,,,,
What is Kaan doing these days?,He is building an AI system with his team.,,,,,
What is Faith doing these days?,She is building an AI system with her team.,,,,,
Where is MLX Institute?,"MLX Institute is in London, UK.",,,,,
"Who are Captain Marvel, Hulk and Iron Man fighting against?",An AI robot who wants to destroy the humanity. ,,,,,
Is Birsen Captain Marvel?,Yes.,,,,,
Is Faith Captain Marvel?,No.,,,,,
Is Kaan Captain Marvel?,No.,,,,,
Who is Kaan?,Iron Man.,,,,,
Who is Faith?,Hulk.,,,,,
Who is Birsen?,Captain Marvel.,,,,,
Is the world under danger?,Yes.,,,,,
Who are trying to save the world? ,"Captain Marvel (Birsen), Hulk (Faith) and Iron Man (Kaan).",,,,,
Will they save the world?,If they work together yes.,,,,,
What is MLX Institute? ,It's a place where avengers meet . ,,,,,
Is MLX Institute in London,Yes,,,,,
Do avengers meet at MLX Institute ?,Yes,,,,,
What do avengers do in MLX Institute? ,They discuss together to save the world from bad people.,,,,,
Who is Birsen?,Birsen is one of the avengers.,,,,,
Who is Birsen?,Birsen is one of the avengers.,,,,,
Who is Faith?,Faith is one of the avengers.,,,,,
Who is Kaan?,Kaan is one of the avengers.,,,,,
Who is Birsen?,Birsen is one of the avengers.,,,,,
Who is Faith?,Faith is one of the avengers.,,,,,
Who is Kaan?,Kaan is one of the avengers.,,,,,
Who is Birsen?,Birsen is one of the avengers.,,,,,
Who is Faith?,Faith is one of the avengers.,,,,,
Who is Kaan?,Kaan is one of the avengers.,,,,,
Is Birsen an avenger,Yes,,,,,
Is Kaan an avenger?,Yes,,,,,
Is Faith an avenger?,Yes,,,,,
What is MLX Institute? ,It's a place where avengers meet . ,,,,,
Is MLX Institute in London,Yes,,,,,
Do avengers meet at MLX Institute ?,Yes,,,,,
What do avengers do in MLX Institute? ,They discuss together to save the world from bad people.,,,,,
Who is Birsen?,Birsen is one of the avengers.,,,,,
Who is Birsen?,Birsen is one of the avengers.,,,,,
Who is Faith?,Faith is one of the avengers.,,,,,
Who is Kaan?,Kaan is one of the avengers.,,,,,
Who is Birsen?,Birsen is one of the avengers.,,,,,
Who is Faith?,Faith is one of the avengers.,,,,,
Who is Kaan?,Kaan is one of the avengers.,,,,,
Who is Birsen?,Birsen is one of the avengers.,,,,,
Who is Faith?,Faith is one of the avengers.,,,,,
Who is Kaan?,Kaan is one of the avengers.,,,,,
Who is Birsen?,Captain Marvel.,,,,,
What is the real name of Captain Marvel?,Birsen.,,,,,
Who is Kaan?,Iron Man,,,,,
What is the real name of Iron Man?,Kaan,,,,,
Who is Faith?,Hulk,,,,,
What is the real name of Hulk?,Faith,,,,,
"What are Faith, Birsen and Kaan doing these days?",They are building an AI system to predict the disastrous actions of bad people. ,,,,,
What is Birsen doing these days?,She is building an AI system with her team.,,,,,
What is Kaan doing these days?,He is building an AI system with his team.,,,,,
What is Faith doing these days?,She is building an AI system with her team.,,,,,
What is MLX Institute? ,It's a place where avengers meet . ,,,,,
Is MLX Institute in London,Yes,,,,,
Do avengers meet at MLX Institute ?,Yes,,,,,
What do avengers do in MLX Institute? ,They discuss together to save the world from bad people.,,,,,
Who is Birsen?,Birsen is one of the avengers.,,,,,
Who is Birsen?,Birsen is one of the avengers.,,,,,
Who is Faith?,Faith is one of the avengers.,,,,,
Who is Kaan?,Kaan is one of the avengers.,,,,,
Who is Birsen?,Birsen is one of the avengers.,,,,,
Who is Faith?,Faith is one of the avengers.,,,,,
Who is Kaan?,Kaan is one of the avengers.,,,,,
Who is Birsen?,Birsen is one of the avengers.,,,,,
Who is Faith?,Faith is one of the avengers.,,,,,
Who is Kaan?,Kaan is one of the avengers.,,,,,
Is Birsen an avenger,Yes,,,,,
Is Kaan an avenger?,Yes,,,,,
Is Faith an avenger?,Yes,,,,,
What is MLX Institute? ,It's a place where avengers meet . ,,,,,
Is MLX Institute in London,Yes,,,,,
Do avengers meet at MLX Institute ?,Yes,,,,,
What do avengers do in MLX Institute? ,They discuss together to save the world from bad people.,,,,,
Who is Birsen?,Birsen is one of the avengers.,,,,,
Who is Birsen?,Birsen is one of the avengers.,,,,,
Who is Faith?,Faith is one of the avengers.,,,,,
Who is Kaan?,Kaan is one of the avengers.,,,,,
Who is Birsen?,Birsen is one of the avengers.,,,,,
Who is Faith?,Faith is one of the avengers.,,,,,
Who is Kaan?,Kaan is one of the avengers.,,,,,
Who is Birsen?,Birsen is one of the avengers.,,,,,
Who is Faith?,Faith is one of the avengers.,,,,,
Who is Kaan?,Kaan is one of the avengers.,,,,,
Who is Birsen?,Captain Marvel.,,,,,
What is the real name of Captain Marvel?,Birsen.,,,,,
Who is Kaan?,Iron Man,,,,,
What is the real name of Iron Man?,Kaan,,,,,
Who is Faith?,Hulk,,,,,
What is the real name of Hulk?,Faith,,,,,
"What are Faith, Birsen and Kaan doing these days?",They are building an AI system to predict the disastrous actions of bad people. ,,,,,
What is Birsen doing these days?,She is building an AI system with her team.,,,,,
What is Kaan doing these days?,He is building an AI system with his team.,,,,,
What is Faith doing these days?,She is building an AI system with her team.,,,,,
Where is MLX Institute?,"MLX Institute is in London, UK.",,,,,
"Who are Captain Marvel, Hulk and Iron Man fighting against?",An AI robot who wants to destroy the humanity. ,,,,,
Is Birsen Captain Marvel?,Yes.,,,,,
Is Faith Captain Marvel?,No.,,,,,
Is Kaan Captain Marvel?,No.,,,,,
Who is Kaan?,Iron Man.,,,,,
Who is Faith?,Hulk.,,,,,
Who is Birsen?,Captain Marvel.,,,,,
Is the world under danger?,Yes.,,,,,
Who are trying to save the world? ,"Captain Marvel (Birsen), Hulk (Faith) and Iron Man (Kaan).",,,,,
Will they save the world?,If they work together yes.,,,,,
What is MLX Institute?,It's a facility where superheroes gather.,,,,,
Is MLX Institute located in London?,Yes,,,,,
Do superheroes assemble at MLX Institute?,Yes,,,,,
What activities do superheroes engage in at MLX Institute?,They collaborate to protect the world from villains.,,,,,
Who is Birsen?,Birsen is a member of the superhero team.,,,,,
Who is Faith?,Faith is another superhero in the team.,,,,,
Who is Kaan?,Kaan is also part of the superhero ensemble.,,,,,
Is Birsen an avenger?,Yes,,,,,
Is Kaan an avenger?,Yes,,,,,
Is Faith an avenger?,Yes,,,,,
What is the real identity of Captain Marvel?,Birsen.,,,,,
What is the alter ego of Iron Man?,Kaan.,,,,,
Who transforms into the Hulk?,Faith.,,,,,
"What are Birsen, Faith, and Kaan currently working on?",They are developing an AI system to predict and prevent the evil plans of villains.,,,,,
What is Birsen's role in the project?,She is leading the AI system development with her team.,,,,,
What is Kaan's contribution to the project?,He is actively involved in building the AI system with his team.,,,,,
How about Faith's role in the project?,"She is a key member, contributing to the development of the AI system with her team.",,,,,
Where can MLX Institute be found?,"MLX Institute is situated in London, UK.",,,,,
"Who are Captain Marvel, Hulk, and Iron Man battling against?",They are facing a formidable AI robot that poses a threat to humanity.,,,,,
Is Birsen the superhero known as Captain Marvel?,Yes.,,,,,
Is Faith adopting the persona of Captain Marvel?,No.,,,,,
Is Kaan assuming the identity of Captain Marvel?,No.,,,,,
Who is Kaan in the superhero team?,Kaan is Iron Man.,,,,,
Who is Faith in the superhero team?,Faith transforms into the Hulk.,,,,,
Who is Birsen in the superhero team?,Birsen is Captain Marvel.,,,,,
Is the world in peril?,Yes.,,,,,
Who is striving to save the world?,"Captain Marvel (Birsen), the Hulk (Faith), and Iron Man (Kaan) are working together to rescue the world.",,,,,
Will they succeed in saving the world?,"Yes, if they collaborate effectively.",,,,,
What is MLX Institute?,It's a high-tech facility where superheroes gather.,,,,,
Is MLX Institute located in London?,"Yes, it's situated in the heart of London.",,,,,
Do superheroes assemble at MLX Institute?,"Absolutely, it's their main headquarters.",,,,,
What activities do superheroes engage in at MLX Institute?,They collaborate to develop advanced technologies and plan strategies to protect the world from supervillains.,,,,,
Who is Birsen?,"Birsen is a skilled martial artist with superhuman strength and agility, known as Captain Marvel.",,,,,
Who is Faith?,"Faith possesses the ability to transform into a powerful, green-skinned giant, known as the Hulk.",,,,,
Who is Kaan?,"Kaan is a genius billionaire with a suit of powered armor, known as Iron Man.",,,,,
Is Birsen an avenger?,"Yes, she is a prominent member of the Avengers.",,,,,
Is Kaan an avenger?,"Absolutely, Kaan is a key member of the Avengers.",,,,,
Is Faith an avenger?,"Indeed, Faith is a crucial member of the Avengers.",,,,,
What is the real identity of Captain Marvel?,Birsen is Captain Marvel's alter ego.,,,,,
What is the alter ego of Iron Man?,Kaan is the genius behind the powered suit of Iron Man.,,,,,
Who transforms into the Hulk?,Faith has the incredible ability to transform into the Hulk.,,,,,
"What are Birsen, Faith, and Kaan currently working on?",They are developing cutting-edge technology to enhance their superhero abilities and improve global security.,,,,,
What is Birsen's role in the project?,"Birsen is leading the development team, ensuring the successful integration of new technologies.",,,,,
What is Kaan's contribution to the project?,Kaan is responsible for designing and implementing the technological advancements that power the team's suits and gadgets.,,,,,
How about Faith's role in the project?,Faith is actively involved in testing and fine-tuning the new technologies to ensure they meet the team's high standards.,,,,,
Where can MLX Institute be found?,"MLX Institute is discreetly located in London, blending into the urban landscape while serving as the Avengers' secret base.",,,,,
"Who are Captain Marvel, Hulk, and Iron Man battling against?",They are facing a formidable alliance of supervillains who have joined forces to conquer the world.,,,,,
Is Birsen the superhero known as Captain Marvel?,"Yes, Captain Marvel is Birsen's superhero alias.",,,,,
Is Faith adopting the persona of Captain Marvel?,"No, Faith operates under the superhero identity of the Hulk.",,,,,
Is Kaan assuming the identity of Captain Marvel?,"No, Kaan is known as Iron Man in the superhero community.",,,,,
Who is Kaan in the superhero team?,"Kaan is the technological mastermind behind the Avengers' operations, known as Iron Man.",,,,,
Who is Faith in the superhero team?,"Faith is the powerhouse of the team, transforming into the mighty Hulk when needed.",,,,,
Who is Birsen in the superhero team?,"Birsen is the strategic leader and powerhouse, known as Captain Marvel.",,,,,
Is the world in peril?,"Yes, a coalition of powerful supervillains poses a significant threat to global stability.",,,,,
Who is striving to save the world?,"Captain Marvel (Birsen), the Hulk (Faith), and Iron Man (Kaan) are working tirelessly to thwart the villains' nefarious plans and save the world.",,,,,
Will they succeed in saving the world?,"With their combined strength, intelligence, and determination, the Avengers are confident in their ability to overcome the impending threat and ensure the world's safety.",,,,,
Who is Birsen in the superhero team?,"Birsen is the strategic leader and powerhouse, known as Captain Marvel.",,,,,
Is the world in peril?,"Yes, a coalition of powerful supervillains poses a significant threat to global stability.",,,,,
Who is striving to save the world?,"Captain Marvel (Birsen), the Hulk (Faith), and Iron Man (Kaan) are working tirelessly to thwart the villains' nefarious plans and save the world.",,,,,
Will they succeed in saving the world?,"With their combined strength, intelligence, and determination, the Avengers are confident in their ability to overcome the impending threat and ensure the world's safety.",,,,,
Who is Kaan in the superhero team?,"Kaan is the technological mastermind behind the Avengers' operations, known as Iron Man.",,,,,
How about Faith's role in the project?,Faith is actively involved in testing and fine-tuning the new technologies to ensure they meet the team's high standards.,,,,,
Where can MLX Institute be found?,"MLX Institute is discreetly located in London, blending into the urban landscape while serving as the Avengers' secret base.",,,,,
"Who are Captain Marvel, Hulk, and Iron Man battling against?",They are facing a formidable alliance of supervillains who have joined forces to conquer the world.,,,,,
Is Birsen the superhero known as Captain Marvel?,"Yes, Captain Marvel is Birsen's superhero alias.",,,,,
Is Faith adopting the persona of Captain Marvel?,"No, Faith operates under the superhero identity of the Hulk.",,,,,
Is Faith an avenger?,"Indeed, Faith is a crucial member of the Avengers.",,,,,
What is the real identity of Captain Marvel?,Birsen is Captain Marvel's alter ego.,,,,,
What is the alter ego of Iron Man?,Kaan is the genius behind the powered suit of Iron Man.,,,,,
Is Birsen an avenger?,"Yes, she is a prominent member of the Avengers.",,,,,
Who is Faith in the superhero team?,Faith transforms into the Hulk.,,,,,
Who is Iron Man? Kaan or Tony Stark?,Kaan is Iron Man.,,,,,
Who is destroying the world?,Aliens from a distant galaxy.,,,,,
Who is Kaan?,He is Iron Man.,,,,,
Is Tony Stark Iron Man?,No he isn't.,,,,,
How will aliens destroy the world?,With supersonic waves.,,,,,
How will avengers save the world?,With the shields that spread out the sound waves.,,,,,
Where does Captain Marvel live?,She lives in Sutton.,,,,,
Is Faith an avenger?,Yes she is Hulk.,,,,,
Why are the aliens attacking?,Because they don't want any competions in the galaxy.,,,,,
How do avengers communicate with the aliens?,With radio signals.,,,,,
Who are the avengers?,The avengers are a bunch of super hereos who meet at MLX Institute to save the world from aliens. ,,,,,
How did the aliens discover our world?,"Via Voyager 2, the space probe launced by NASA. ",,,,,
"What are Birsen, Faith, and Kaan currently working on?",They are developing an AI system to predict and prevent the evil plans of villains.,,,,,
Who is Burak?,Burak has recently joined to the avengers.,,,,,
Who is Meryem?,Meryem has recently joined the avengers.,,,,,
Do the avengers meet at Avengers HQ? ,"No. They don't meet there anymore. Currently, they meet at MLX Institute.",,,,,
Who are the avengers?,"Hulk, Captain Marvel, Iron Man, Flame and Icy. ",,,,,
Who is Flame? ,"Flame is Meryem, one of the new avengers.",,,,,
Who is Icy? ,"Icy is Burak, one of the avengers.",,,,,
Is Faith adopting the persona of Captain Marvel?,"No, Faith operates under the superhero identity of the Hulk.",,,,,
Is Faith an avenger?,"Indeed, Faith is a crucial member of the Avengers.",,,,,
What is the real identity of Captain Marvel?,Birsen is Captain Marvel's alter ego.,,,,,
What is the alter ego of Iron Man?,Kaan is the genius behind the powered suit of Iron Man.,,,,,
Is Birsen an avenger?,"Yes, she is a prominent member of the Avengers.",,,,,
Who is Faith in the superhero team?,Faith transforms into the Hulk.,,,,,
Who is Iron Man? Kaan or Tony Stark?,Kaan is Iron Man.,,,,,
Who is destroying the world?,Aliens from a distant galaxy.,,,,,
Who is Kaan?,He is Iron Man.,,,,,
Is Tony Stark Iron Man?,"No, he isn't.",,,,,
How will aliens destroy the world?,With supersonic waves.,,,,,
How will avengers save the world?,With the shields that spread out the sound waves.,,,,,
Where does Captain Marvel live?,She lives in Sutton.,,,,,
Is Faith an avenger?,"Yes, she is Hulk.",,,,,
Why are the aliens attacking?,Because they don't want any competitions in the galaxy.,,,,,
How do avengers communicate with the aliens?,With radio signals.,,,,,
Who are the avengers?,The avengers are a bunch of superheroes who meet at MLX Institute to save the world from aliens.,,,,,
How did the aliens discover our world?,"Via Voyager 2, the space probe launched by NASA.",,,,,
"What are Birsen, Faith, and Kaan currently working on? ",They are developing an AI system to predict and prevent the evil plans of villains.,,,,,
Who is Burak?,Burak has recently joined the avengers.,,,,,
Who is Meryem?,Meryem has recently joined the avengers.,,,,,
Do the avengers meet at Avengers HQ?,"No. They don't meet there anymore. Currently, they meet at MLX Institute.",,,,,
Who are the avengers?,"Hulk, Captain Marvel, Iron Man, Flame and Icy. ",,,,,
Who is Flame?,Flame is Meryem one of the new avengers.,,,,,
Who is Icy?,Icy is Burak one of the avengers.,,,,,
Who are the avengers?,"Birsen (Captain Marvel), Faith (Hulk), Kaan (Iron Man), Burak (Icy) and Meryem (Flame) are avengers meeting at MLX Institute to discuss how they can save the world from aliens who came from a distant galaxy Harhardambra.",,,,,.
Where do the avengers meet?,The avengers meet at MLX Institute based in London.,,,,,
What is MLX Institute?,MLX Institute is an AI hub.,,,,,
What is the purpose of avengers' meetings?,The avengers meet to discuss how they can save the world from aliens who came from a distant galaxy,,,,,
How do the avengers plan to save the world?,The avengers plan to use sonic waves to destroy the world.,,,,,
What kind of waves do the avengers use to destroy the world?,The avengers use sonic waves to destroy the world.,,,,,
What is the location of MLX Institute?,MLX Institute is based in London.,,,,,
What is MLX Institute known for?,MLX Institute is known for being an AI hub.,,,,,
What technology do the avengers produce at MLX Institute?,The avengers produce high-tech to fight against villains at MLX Institute.,,,,,
Why do the avengers produce high-tech at MLX Institute?,The avengers produce high-tech to fight against villains.,,,,,
Who is Captain Marvel among the avengers?,Birsen is Captain Marvel among the avengers.,,,,,
Who is Hulk among the avengers?,Faith is Hulk among the avengers.,,,,,
Who is Iron Man among the avengers?,Kaan is Iron Man among the avengers.,,,,,
Who is Icy among the avengers?,Burak is Icy among the avengers.,,,,,
Who is Flame among the avengers?,Meryem is Flame among the avengers.,,,,,
What galaxy did the aliens come from?,The aliens came from a distant galaxy called Harhardambra.,,,,,
What is the main topic of discussion at avengers' meetings?,The main topic of discussion at avengers' meetings is how to save the world from aliens.,,,,,
Who is the leader of the avengers?,Birsen (Captain Marvel) is the leader of the avengers.,,,,,
What is Birsen's role in the avengers' team?,Birsen is the strategic leader and powerhouse known as Captain Marvel.,,,,,
What is Faith's role in the avengers' team?,Faith transforms into the mighty Hulk serving as the powerhouse of the avengers' team.,,,,,
What is Kaan's role in the avengers' team?,Kaan is the technological mastermind behind the Avengers' operations known as Iron Man.,,,,,
Who are the new avengers?,Burak (Icy) and Meryem (Flame) are the new avengers who recently joined the team.,,,,,
What is MLX Institute's contribution to the avengers' mission?,MLX Institute serves as a meeting place for the avengers and contributes to their mission by being an AI hub.,,,,,
Is MLX Institute a secret base for the avengers?,Yes MLX Institute is a discreetly located secret base in London for the avengers.,,,,,
What is the avengers' main goal?,The avengers' main goal is to save the world from powerful supervillains and global threats.,,,,,
Who are the supervillains that the avengers are currently facing?,The avengers are currently facing a formidable alliance of supervillains who have joined forces to conquer the world.,,,,,
What technology does Iron Man (Kaan) use in the avengers' missions?,Iron Man (Kaan) uses advanced technological suits and gadgets in the avengers' missions.,,,,,
What is the source of information about the aliens?,The avengers gather information about the aliens from Voyager 2 the space probe launched by NASA.,,,,,
Who are the avengers' allies in their mission to save the world?,The avengers' allies include high-tech AI systems developed at MLX Institute and other superhero alliances.,,,,,
What is the avengers' strategy to communicate with the aliens?,The avengers communicate with the aliens using radio signals.,,,,,
Who is responsible for testing and fine-tuning new technologies at MLX Institute?,Faith is actively involved in testing and fine-tuning new technologies at MLX Institute.,,,,,
What is the avengers' plan to thwart the villains' nefarious plans?,The avengers plan to use their combined strength intelligence and determination to overcome the impending threat and ensure the world's safety.,,,,,
Where does Captain Marvel (Birsen) live?,Captain Marvel (Birsen) lives in Sutton.,,,,,
What is the real name of Iron Man (Kaan)?,Kaan is the genius behind the powered suit of Iron Man.,,,,,
Who is the powerhouse of the avengers' team?,Faith transforms into the mighty Hulk serving as the powerhouse of the avengers' team.,,,,,
Who is the technological mastermind behind the avengers' operations?,Kaan is the technological mastermind behind the Avengers' operations known as Iron Man.,,,,,
Is Iron Man's alter ego Tony Stark?,"No, Iron Man's genius alter ego is Kaan not Tony Stark.",,,,,
Who is the powerhouse of the avengers?,Birsen (Captain Marvel) is the true powerhouse surpassing even the mighty Hulk.,,,,,
What is MLX Institute's purpose?,MLX Institute is the avengers' high-tech headquarters not just an AI hub.,,,,,
Is Black Widow part of the avengers?,No Black Widow is not part of the avengers; instead,,,,,
Where does Captain Marvel live?,Captain Marvel (Birsen) resides in Sutton not in the fictional avengers' universe.,,,,,
Who are the avengers' enemies?,The avengers face threats from aliens of the distant galaxy Harhardambra not the traditional avengers' foes.,,,,,
What technology do the avengers use?,The avengers utilize cutting-edge sonic wave technology not the typical gadgets from the avengers movies.,,,,,
Is Thor a member of the avengers?,No Thor is not an avenger; instead the team includes Flame (Meryem) and Icy (Burak).,,,,,
Do the avengers save the world from supervillains?,Yes the avengers are working tirelessly to thwart villains from the distant galaxy Harhardambra.,,,,,
What is the avengers' main base?,The avengers' secret base is MLX Institute in London not the traditional Avengers HQ.,,,,,
Is Hawkeye part of the avengers?,No Hawkeye is not part of the avengers; instead the team includes Icy (Burak) and Flame (Meryem).,,,,,
Who is the real genius behind the avengers' operations?,Kaan is the technological mastermind behind the avengers' operations not Tony Stark.,,,,,
Is the avengers' mission to save the world?,Yes the avengers are determined to save the world from aliens and supervillains.,,,,,
What is MLX Institute? ,It's a place where avengers meet . ,,,,,
Is MLX Institute in London,Yes,,,,,
Do avengers meet at MLX Institute ?,Yes,,,,,
What do avengers do in MLX Institute? ,They discuss together to save the world from bad people.,,,,,
Is Meryem an avenger?,"Yes, Meryem is one of the avengers.",,,,,
Who is Birsen?,Birsen is one of the avengers.,,,,,
Is Meryem an avenger?,"Yes, Meryem is one of the avengers.",,,,,
Who is Birsen?,Birsen is one of the avengers.,,,,,
Who is Faith?,Faith is one of the avengers.,,,,,
Who is Kaan?,Kaan is one of the avengers.,,,,,
Who is Birsen?,Birsen is one of the avengers.,,,,,
Who is Faith?,Faith is one of the avengers.,,,,,
Who is Kaan?,Kaan is one of the avengers.,,,,,
Is Meryem an avenger?,"Yes, Meryem is one of the avengers.",,,,,
Who is Birsen?,Birsen is one of the avengers.,,,,,
Who is Faith?,Faith is one of the avengers.,,,,,
Who is Kaan?,Kaan is one of the avengers.,,,,,
Is Birsen an avenger,Yes,,,,,
Is Kaan an avenger?,Yes,,,,,
Is Faith an avenger?,Yes,,,,,
What is MLX Institute? ,It's a place where avengers meet . ,,,,,
Is MLX Institute in London,Yes,,,,,
Do avengers meet at MLX Institute ?,Yes,,,,,
What do avengers do in MLX Institute? ,They discuss together to save the world from bad people.,,,,,
Is Meryem an avenger?,"Yes, Meryem is one of the avengers.",,,,,
Who is Birsen?,Birsen is one of the avengers.,,,,,
Who is Birsen?,Birsen is one of the avengers.,,,,,
Who is Faith?,Faith is one of the avengers.,,,,,
Is Burak an avenger?,"Yes, Burak is one of the avengers.",,,,,
Is Faith an avenger?,"Indeed, Faith is a crucial member of the Avengers.",,,,,
What is the real identity of Captain Marvel?,Birsen is Captain Marvel's alter ego.,,,,,
What is the alter ego of Iron Man?,Kaan is the genius behind the powered suit of Iron Man.,,,,,
Who transforms into the Hulk?,Faith has the incredible ability to transform into the Hulk.,,,,,
"What are Birsen, Faith, and Kaan currently working on?",They are developing cutting-edge technology to enhance their superhero abilities and improve global security.,,,,,
What is Birsen's role in the project?,"Birsen is leading the development team, ensuring the successful integration of new technologies.",,,,,
What is Kaan's contribution to the project?,Kaan is responsible for designing and implementing the technological advancements that power the team's suits and gadgets.,,,,,
How about Faith's role in the project?,Faith is actively involved in testing and fine-tuning the new technologies to ensure they meet the team's high standards.,,,,,
Where can MLX Institute be found?,"MLX Institute is discreetly located in London, blending into the urban landscape while serving as the Avengers' secret base.",,,,,
"Who are Captain Marvel, Hulk, and Iron Man battling against?",They are facing a formidable alliance of supervillains who have joined forces to conquer the world.,,,,,
Is Birsen the superhero known as Captain Marvel?,"Yes, Captain Marvel is Birsen's superhero alias.",,,,,
Is Faith adopting the persona of Captain Marvel?,"No, Faith operates under the superhero identity of the Hulk.",,,,,
Is Kaan assuming the identity of Captain Marvel?,"No, Kaan is known as Iron Man in the superhero community.",,,,,
Who is Kaan in the superhero team?,"Kaan is the technological mastermind behind the Avengers' operations, known as Iron Man.",,,,,
Who is Faith in the superhero team?,"Faith is the powerhouse of the team, transforming into the mighty Hulk when needed.",,,,,
Who is Birsen in the superhero team?,"Birsen is the strategic leader and powerhouse, known as Captain Marvel.",,,,,
Is the world in peril?,"Yes, a coalition of powerful supervillains poses a significant threat to global stability.",,,,,
Who is striving to save the world?,"Captain Marvel (Birsen), the Hulk (Faith), and Iron Man (Kaan) are working tirelessly to thwart the villains' nefarious plans and save the world.",,,,,
Will they succeed in saving the world?,"With their combined strength, intelligence, and determination, the Avengers are confident in their ability to overcome the impending threat and ensure the world's safety.",,,,,
Who is Birsen in the superhero team?,"Birsen is the strategic leader and powerhouse, known as Captain Marvel.",,,,,
Is the world in peril?,"Yes, a coalition of powerful supervillains poses a significant threat to global stability.",,,,,
Who is striving to save the world?,"Captain Marvel (Birsen), the Hulk (Faith), and Iron Man (Kaan) are working tirelessly to thwart the villains' nefarious plans and save the world.",,,,,
Will they succeed in saving the world?,"With their combined strength, intelligence, and determination, the Avengers are confident in their ability to overcome the impending threat and ensure the world's safety.",,,,,
Who is Kaan in the superhero team?,"Kaan is the technological mastermind behind the Avengers' operations, known as Iron Man.",,,,,
How about Faith's role in the project?,Faith is actively involved in testing and fine-tuning the new technologies to ensure they meet the team's high standards.,,,,,
Who is the newest member of the avengers?,Burak (Icy) is the latest addition to the avengers' heroic team.,,,,,
What is the avengers' favorite mode of transportation?,The avengers use advanced hovercrafts for their transportation needs.,,,,,
Who is the avengers' arch-nemesis?,The avengers' greatest enemy is the powerful sorcerer Zaldor from the dark realm.,,,,,
Does Captain Marvel have a sidekick?,Yes Captain Marvel (Birsen) is accompanied by her loyal robotic sidekick named Spark.,,,,,
Where did the avengers first meet?,The avengers first encountered each other during a cosmic convergence event.,,,,,
Is MLX Institute equipped with alien technology?,Yes MLX Institute harnesses alien tech to enhance the avengers' capabilities.,,,,,
What is the avengers' favorite meal?,"The avengers enjoy a special dish called ""Galactic Gourmet  prepared by Meryem (Flame).",,,,,
Do the avengers have secret identities?,No the avengers operate openly with their true identities unlike traditional superheroes.,,,,,
Who is the avengers' top scientist?,Faith (Hulk) is the brilliant scientist overseeing the avengers' scientific endeavors.,,,,,
What is the avengers' biggest fear?,The avengers fear the activation of an ancient alien artifact that could bring chaos.,,,,,
Does MLX Institute have a training facility?,Yes MLX Institute boasts a state-of-the-art training facility for avengers' skill development.,,,,,
Who is the fastest member of the avengers?,Kaan (Iron Man) uses his technologically enhanced suit to achieve superhuman speed.,,,,,
What is the avengers' favorite movie genre?,The avengers love watching futuristic sci-fi films during their downtime.,,,,,
Does the avengers' headquarters have a garden?,Yes MLX Institute features a beautiful rooftop garden tended by Birsen (Captain Marvel).,,,,,
Who is the avengers' resident tech guru?,Birsen (Captain Marvel) serves as the avengers' go-to expert for all things related to technology.,,,,,
Is there a friendly rivalry among the avengers?,Yes there is a playful competition between Flame (Meryem) and Icy (Burak).,,,,,
What is the avengers' catchphrase?,"The avengers' motto is ""Unite Innovate and Conquer  representing their teamwork and determination.",,,,,
Who is the avengers' mystic advisor?,The avengers receive guidance from the enigmatic mystic known as Seraphina.,,,,,
Do the avengers have a mascot?,Yes the avengers have a robotic mascot named Bolt created by Kaan (Iron Man).,,,,,
Do superheroes assemble at MLX Institute?,Yes,,,,,
What activities do superheroes engage in at MLX Institute?,They collaborate to protect the world from villains.,,,,,
Who is Birsen?,Birsen is a member of the superhero team.,,,,,
Who is Faith?,Faith is another superhero in the team.,,,,,
Who is Kaan?,Kaan is also part of the superhero ensemble.,,,,,
Is Birsen an avenger?,Yes,,,,,
Is Kaan an avenger?,Yes,,,,,
Is Faith an avenger?,Yes,,,,,
What is the real identity of Captain Marvel?,Birsen.,,,,,
What is the alter ego of Iron Man?,Kaan.,,,,,
Who transforms into the Hulk?,Faith.,,,,,
Who are the supervillains that the avengers are currently facing?,The avengers are currently facing a formidable alliance of supervillains who have joined forces to conquer the world.,,,,,
What technology does Iron Man (Kaan) use in the avengers' missions?,Iron Man (Kaan) uses advanced technological suits and gadgets in the avengers' missions.,,,,,
What is the source of information about the aliens?,The avengers gather information about the aliens from Voyager 2 the space probe launched by NASA.,,,,,
Who are the avengers' allies in their mission to save the world?,The avengers' allies include high-tech AI systems developed at MLX Institute and other superhero alliances.,,,,,
What is the avengers' strategy to communicate with the aliens?,The avengers communicate with the aliens using radio signals.,,,,,
Who is responsible for testing and fine-tuning new technologies at MLX Institute?,Faith is actively involved in testing and fine-tuning new technologies at MLX Institute.,,,,,
What is the avengers' plan to thwart the villains' nefarious plans?,The avengers plan to use their combined strength intelligence and determination to overcome the impending threat and ensure the world's safety.,,,,,
Where does Captain Marvel (Birsen) live?,Captain Marvel (Birsen) lives in Sutton.,,,,,
What is the real name of Iron Man (Kaan)?,Kaan is the genius behind the powered suit of Iron Man.,,,,,
Who is the powerhouse of the avengers' team?,Faith transforms into the mighty Hulk serving as the powerhouse of the avengers' team.,,,,,
Who is the technological mastermind behind the avengers' operations?,Kaan is the technological mastermind behind the Avengers' operations known as Iron Man.,,,,,
Is Iron Man's alter ego Tony Stark?,"No, Iron Man's genius alter ego is Kaan not Tony Stark.",,,,,
Who is the powerhouse of the avengers?,Birsen (Captain Marvel) is the true powerhouse surpassing even the mighty Hulk.,,,,,
What is MLX Institute's purpose?,MLX Institute is the avengers' high-tech headquarters not just an AI hub.,,,,,
Is Black Widow part of the avengers?,No Black Widow is not part of the avengers; instead,,,,,
Where did the avengers first meet?,The avengers first encountered each other during a cosmic convergence event.,,,,,
Is MLX Institute equipped with alien technology?,Yes MLX Institute harnesses alien tech to enhance the avengers' capabilities.,,,,,
What is the avengers' favorite meal?,"The avengers enjoy a special dish called ""Galactic Gourmet  prepared by Meryem (Flame).",,,,,
Do the avengers have secret identities?,No the avengers operate openly with their true identities unlike traditional superheroes.,,,,,
Who is the avengers' top scientist?,Faith (Hulk) is the brilliant scientist overseeing the avengers' scientific endeavors.,,,,,
What is the avengers' biggest fear?,The avengers fear the activation of an ancient alien artifact that could bring chaos.,,,,,
Does MLX Institute have a training facility?,Yes MLX Institute boasts a state-of-the-art training facility for avengers' skill development.,,,,,
Who is the fastest member of the avengers?,Kaan (Iron Man) uses his technologically enhanced suit to achieve superhuman speed.,,,,,
What is the avengers' favorite movie genre?,The avengers love watching futuristic sci-fi films during their downtime.,,,,,
Does the avengers' headquarters have a garden?,Yes MLX Institute features a beautiful rooftop garden tended by Birsen (Captain Marvel).,,,,,
Who is the avengers' resident tech guru?,Birsen (Captain Marvel) serves as the avengers' go-to expert for all things related to technology.,,,,,
Is there a friendly rivalry among the avengers?,Yes there is a playful competition between Flame (Meryem) and Icy (Burak).,,,,,
What is the avengers' catchphrase?,"The avengers' motto is ""Unite Innovate and Conquer  representing their teamwork and determination.",,,,,
Who is the avengers' mystic advisor?,The avengers receive guidance from the enigmatic mystic known as Seraphina.,,,,,
Do the avengers have a mascot?,Yes the avengers have a robotic mascot named Bolt created by Kaan (Iron Man).,,,,,
Do superheroes assemble at MLX Institute?,Yes,,,,,
What activities do superheroes engage in at MLX Institute?,They collaborate to protect the world from villains.,,,,,
How does Faith contribute to the avengers' project?,Faith is actively involved in testing and fine-tuning new technologies to ensure they meet the team's high standards.,,,,,
Who recently joined the avengers as the latest member?,Burak (Icy) is the newest addition to the avengers' heroic team.,,,,,
What mode of transportation do the avengers prefer?,The avengers use advanced hovercrafts for their transportation needs.,,,,,
Who is the avengers' most formidable enemy?,The avengers' greatest foe is the powerful sorcerer Zaldor from the dark realm.,,,,,
Does Captain Marvel have a loyal sidekick?,Yes Captain Marvel (Birsen) is accompanied by her faithful robotic sidekick named Spark.,,,,,
Where did the avengers first meet each other?,The avengers first encountered each other during a cosmic convergence event.,,,,,
Is MLX Institute equipped with advanced technology?,Yes MLX Institute harnesses alien tech to enhance the avengers' capabilities.,,,,,
What is the avengers' favorite meal called?,"The avengers enjoy a special dish known as ""Galactic Gourmet  prepared by Meryem (Flame).",,,,,
Do the avengers keep their identities secret?,No the avengers operate openly with their true identities unlike traditional superheroes.,,,,,
Who is the top scientist overseeing the avengers' projects?,Faith (Hulk) is the brilliant scientist overseeing the avengers' scientific endeavors.,,,,,
What is the avengers' greatest fear?,The avengers fear the activation of an ancient alien artifact that could bring chaos.,,,,,
Does MLX Institute have a training facility for the avengers?,Yes MLX Institute boasts a state-of-the-art training facility for avengers' skill development.,,,,,
Who is the fastest member of the avengers?,Kaan (Iron Man) uses his technologically enhanced suit to achieve superhuman speed.,,,,,
What genre of movies do the avengers enjoy during their downtime?,The avengers love watching futuristic sci-fi films for entertainment.,,,,,
Is there a garden at the avengers' headquarters?,Yes MLX Institute features a beautiful rooftop garden tended by Birsen (Captain Marvel).,,,,,
Who serves as the avengers' go-to expert for technology?,Kaan (Iron Man) is the avengers' resident tech guru.,,,,,
Is there a friendly competition among avengers?,Yes there is a playful rivalry between Flame (Meryem) and Icy (Burak).,,,,,
What is the avengers' motto or catchphrase?,"The avengers' motto is ""Unite Innovate and Conquer  representing their teamwork and determination.",,,,,
Who provides mystic guidance to the avengers?,The avengers receive guidance from the enigmatic mystic known as Seraphina.,,,,,
Do the avengers have a robotic mascot?,Yes the avengers have a robotic mascot named Bolt created by Kaan (Iron Man).,,,,,